{
    "0": {
        "x": -3.3000000000000003,
        "y": 0.0,
        "z": -4.2,
        "width": 4.6000000000000005,
        "height": 7.0,
        "depth": 5.0,
        "rotation_x": 0,
        "rotation_y": 0,
        "rotation_z": 0
    }
}